BusinessEntityID,Name,SalesPersonID,rowguid,ModifiedDate
292,"Next-Door Bike Store",279,"{A22517E3-848D-4EBE-B9D97437F3432304}","09/12/14 11:15:07"
294,"Professional Sales and Service",276,"{B50CA50B-C601-4A13-B07E2C63862D71B4}","09/12/14 11:15:07"
296,"Riders Company",277,"{337C3688-1339-4E1A-A08AB54B23566E49}","09/12/14 11:15:07"
298,"The Bike Mechanics",275,"{7894F278-F0C8-4D16-BD75213FDBF13023}","09/12/14 11:15:07"
300,"Nationwide Supply",286,"{C3FC9705-A8C4-4F3A-9550EB2FA4B7B64D}","09/12/14 11:15:07"
302,"Area Bike Accessories",281,"{368BE6DD-30E5-49BB-9A8671FD49C58F4E}","09/12/14 11:15:07"
304,"Bicycle Accessories and Kits",283,"{35F40636-5105-49D5-869E27E231189150}","09/12/14 11:15:07"
306,"Clamps & Brackets Co.",275,"{64D06BFC-D060-405C-8C60C067FE7C67DF}","09/12/14 11:15:07"
308,"Valley Bicycle Specialists",277,"{59386B0C-652E-4668-B44B4E1711793330}","09/12/14 11:15:07"
310,"New Bikes Company",279,"{47E4B6BD-5CD1-45A3-A23179D930381C56}","09/12/14 11:15:07"
312,"Vinyl and Plastic Goods Corporation",282,"{DC610525-E373-49B1-B786EA040EC25C06}","09/12/14 11:15:07"
314,"Top of the Line Bikes",288,"{E290E93F-A980-4BA3-86C39858F15C8A6D}","09/12/14 11:15:07"
316,"Fun Toys and Bikes",281,"{6CDCF941-4192-49C7-994A5ADBA534E095}","09/12/14 11:15:07"
318,"Great Bikes ",283,"{956FBC35-5E0D-4175-8045E0BE380BA340}","09/12/14 11:15:07"
320,"Metropolitan Sales and Rental",275,"{0CB4FEF2-5047-40F7-8848B59F7A3F3EEC}","09/12/14 11:15:07"
322,"Irregulars Outlet",288,"{CDE66279-83D8-4340-A83CE86E15514AC4}","09/12/14 11:15:07"
324,"Valley Toy Store",282,"{6A1BEA56-DCB7-45CF-8C923705E12EB2AA}","09/12/14 11:15:07"
326,"Worthwhile Activity Store",279,"{BAD63717-99BD-4581-81600F1723BE42CB}","09/12/14 11:15:07"
328,"Purchase Mart",275,"{A3140349-57A3-46AA-BF32D7F4753A06D6}","09/12/14 11:15:07"
330,"Major Sport Suppliers",283,"{3B5F8572-43B0-42F5-86FFE379D0769F28}","09/12/14 11:15:07"
332,"Family's Favorite Bike Shop",278,"{712DF7B6-A6E4-4059-A1B86D39A80AB712}","09/12/14 11:15:07"
334,"Global Plaza",279,"{9A1E91D8-509B-4D96-BD777427C7F0C47B}","09/12/14 11:15:07"
336,"Imported and Domestic Cycles",276,"{25C229C0-4E7A-42D2-ACB1A2118361B2F1}","09/12/14 11:15:07"
338,"Systematic Sales",281,"{DF9126A5-9C95-44A2-A31FF759EA33EEA7}","09/12/14 11:15:07"
340,"eCommerce Bikes",279,"{1EC47823-4B39-4609-AAEC6EE68CC74F81}","09/12/14 11:15:07"
342,"Mountain Toy Store",277,"{52EFC841-97C5-4AC1-B707FA3717B0BC48}","09/12/14 11:15:07"
344,"Retail Sales and Service",275,"{38F9BE1B-9137-4E4E-985D06F6C5E02330}","09/12/14 11:15:07"
346,"Designated Distributors",282,"{5DC17A1C-F618-4B6E-BEA2BFF96CA6BA8B}","09/12/14 11:15:07"
348,"Bold Bike Accessories",276,"{AC7A83F1-196B-4BBF-A6E03165D4C84454}","09/12/14 11:15:07"
350,"Twin Cycles",286,"{4E917578-1942-4BAB-8E63932052FDACEC}","09/12/14 11:15:07"
352,"Tiny Bike Boutique",279,"{1D65DD5A-A7C8-4AC1-A2B676AD4A5946BD}","09/12/14 11:15:07"
354,"Acclaimed Bicycle Company",279,"{E71AC59C-B228-49F2-ACC2077AA5DFC9DB}","09/12/14 11:15:07"
356,"Serious Cycles",278,"{8036D3B1-1C8D-43BF-B913D17EE0D755AF}","09/12/14 11:15:07"
358,"Quality Bike Sales",286,"{55EC3545-A751-4A37-944EB5DF36219E11}","09/12/14 11:15:07"
360,"Novelty Bikes",275,"{CD239474-966C-4474-97A925D52289ED52}","09/12/14 11:15:07"
362,"Distinctive Cycles Sales & Service",279,"{7E5DA4C4-23B4-4BD2-8037B2BE46E41C83}","09/12/14 11:15:07"
364,"Leading Bike Distributors",279,"{0C0B95FD-1934-4DD9-BC1C8C1E2BF07EBC}","09/12/14 11:15:07"
366,"Activity Center",279,"{F579E604-B602-4D67-AB88130DF07753F0}","09/12/14 11:15:07"
368,"Brightwork Company",281,"{6F4273AE-583C-4219-9E0B2F3CD44A4000}","09/12/14 11:15:07"
370,"Resale Services",276,"{7C7076C8-2AB9-4810-BBCAB126FC811E32}","09/12/14 11:15:07"
372,"The Gear Store",277,"{03E77D8A-62B6-41EE-B0817EC3E60C9A3E}","09/12/14 11:15:07"
374,"Immense Manufacturing Company",277,"{F948F121-09C9-46D4-A78363EAD859A044}","09/12/14 11:15:07"
376,"Extended Bike Sales",276,"{9E550241-B6CB-4E95-96A2F3BEF46016DF}","09/12/14 11:15:07"
378,"Pedaling Components",288,"{24DD7AF1-D347-44CB-96FA14B9CE5C83A8}","09/12/14 11:15:07"
380,"Workout Emporium",282,"{649DB09E-3AA4-4275-880C7853B3395E51}","09/12/14 11:15:07"
382,"Work and Play Association",275,"{E5353DA7-CB02-4C26-ACD31C42050D4BB9}","09/12/14 11:15:07"
384,"Seaside Bike Works",286,"{4C85C347-C9C0-4E6D-B29019970F0ADEA0}","09/12/14 11:15:07"
386,"Nice Bikes",278,"{9FA1609C-9A36-4282-BC80A562332DEF1B}","09/12/14 11:15:07"
388,"Remarkable Bike Store",276,"{F2DCD314-506D-47F1-8CD06017C40C96AB}","09/12/14 11:15:07"
390,"Road-Way Mart",283,"{B0A08902-2C39-4A50-86E586E98C7B2597}","09/12/14 11:15:07"
392,"Small Cycle Store",275,"{C1CDCF27-3FA6-4BF9-A5CABAEEFC8FB8E0}","09/12/14 11:15:07"
394,"Blue-Ribbon Bike Company",279,"{096B2C5D-14E5-4BDA-94E13E5C01D906C4}","09/12/14 11:15:07"
396,"Flawless Bike Shop",276,"{71AEA07E-95C4-4C44-A91901B5008639D3}","09/12/14 11:15:07"
398,"Grand Bicycle Stores",277,"{6DEF5808-13CA-4784-9F4E1A1FFB1905D9}","09/12/14 11:15:07"
400,"Exertion Activities Club",281,"{AC060B37-154B-4F3F-A06E918B7EA75BB1}","09/12/14 11:15:07"
402,"Impromptu Trips",283,"{16255726-8647-401A-9DE9AB524A839804}","09/12/14 11:15:07"
404,"Margie's Travel",275,"{9D71FF30-1BC5-4F0B-BD7B3618B58634E9}","09/12/14 11:15:07"
406,"Kickstand Sellers",275,"{F6F76F14-09D5-4B11-BAD6E3BFF76AC761}","09/12/14 11:15:07"
408,"Nearest Bike Store",286,"{AAC48EAD-3E12-4431-89C4964406A7A94D}","09/12/14 11:15:07"
410,"Fast Bike Works",286,"{D09C875E-114A-4D24-A68BAED21EE23494}","09/12/14 11:15:07"
412,"Gasless Cycle Shop",278,"{824B931B-5F27-407C-81AD00FF7BC886F1}","09/12/14 11:15:07"
414,"Lubricant and Grease Suppliers",279,"{4047A571-C602-4433-956CC6AF7366BF22}","09/12/14 11:15:07"
416,"Teen Discount Store",288,"{A22C02A3-37C8-402A-932FBC8DD75BEA87}","09/12/14 11:15:07"
418,"Transportation Options",282,"{7CBEA615-BECA-44C6-8C74CB1541FAEFA6}","09/12/14 11:15:07"
420,"Capital Riding Supplies",288,"{7EA9A2A5-753C-4DF2-93F6AB81F5A4C135}","09/12/14 11:15:07"
422,"Bike Boutique",275,"{81EDA8DB-5162-424F-BA366CB6770CD064}","09/12/14 11:15:07"
424,"Bikes Anyone?",275,"{6368F18B-AFCF-4008-961199458C02C985}","09/12/14 11:15:07"
426,"Cross-town Parts Shop",286,"{DFED9777-D43C-497D-86D414407E43C535}","09/12/14 11:15:07"
428,"Finer Cycle Shop",278,"{52B4D514-B45E-4BF6-821BF972B738D732}","09/12/14 11:15:07"
430,"Center Cycle Shop",280,"{8E153F0C-275C-42CA-98DFADEFB90AB587}","09/12/14 11:15:07"
432,"Bulk Discount Store",289,"{E26B0754-871A-49AD-A21B5E58D7E804ED}","09/12/14 11:15:07"
434,"Country Parts Shop",290,"{9B88E8ED-C244-484D-8C4F89F59570EBEA}","09/12/14 11:15:07"
436,"Second Bike Shop",286,"{20838797-EC33-4328-BDC099190729BE4A}","09/12/14 11:15:07"
438,"First-Rate Outlet",278,"{7642E78C-F447-4F9D-B8CBE6BB467DB663}","09/12/14 11:15:07"
440,"Juvenile Sports Equipment",279,"{74B38BF4-113C-42EC-8E727E4B35E5BC55}","09/12/14 11:15:07"
442,"Another Bicycle Company",283,"{4280C0D5-6765-4ADD-A679F341D27C0ECF}","09/12/14 11:15:07"
444,"Fourth Bike Store",275,"{E8623C2D-CCBF-497A-81476574ABE11B19}","09/12/14 11:15:07"
446,"Rodeway Bike Store",288,"{4F971590-8C1F-4B22-808E5917B6FAB7EC}","09/12/14 11:15:07"
448,"Traction Tire Company",276,"{6324FAD5-6BC4-4715-85BCA86C49E527F8}","09/12/14 11:15:07"
450,"Unsurpassed Bikes",277,"{9BC34C8E-3856-4197-8013F5E6C7AEDB48}","09/12/14 11:15:07"
452,"Field Trip Inc",275,"{5276B793-128A-49F0-B822D338C6B92FDC}","09/12/14 11:15:07"
454,"Tire Company",275,"{F875272B-6629-4832-9E45F3E8E6DD8963}","09/12/14 11:15:07"
456,"Uncompromising Quality Co",286,"{058F1615-0267-4B7C-8E5396101059CADE}","09/12/14 11:15:07"
458,"Metallic Paint and Overcoat Co",281,"{E06866F7-C659-4952-A1ECD2B42F80613A}","09/12/14 11:15:07"
460,"Pro Sporting Goods",276,"{5A1EE7A6-2FD6-45C8-9B0D41991049CDEA}","09/12/14 11:15:07"
462,"Sporting Goods and Bicycle Shop",279,"{93D4A3A7-D111-4113-859E5B253DD9D943}","09/12/14 11:15:07"
464,"Odometers and Accessories Company",278,"{47E77224-11E5-4AB9-BC23CD122F9C281D}","09/12/14 11:15:07"
466,"Scratch-Resistant Finishes Company",282,"{5F85023B-D708-4D44-B1A2927A21C4CBBB}","09/12/14 11:15:07"
468,"Topnotch Bikes",279,"{69A76A96-12FC-4B67-9655C578E6B02933}","09/12/14 11:15:07"
470,"Unicycles, Bicycles, and Tricycles",281,"{58F17106-C637-44CE-B352164E1AD7C41D}","09/12/14 11:15:07"
472,"Safe Cycles Shop",283,"{828D8F6D-95C6-4FDC-988845672FEC0E11}","09/12/14 11:15:07"
474,"Number 1 Supply",281,"{A4D7720A-57DD-4084-BFC6B49CD3367FFE}","09/12/14 11:15:07"
476,"Industrial Supplies",279,"{706A4161-4E67-41E1-A31B2BE9FBF864F3}","09/12/14 11:15:07"
478,"Golf and Cycle Store",281,"{68C1F86E-F581-4AEA-AFA4B0C03EAF1F13}","09/12/14 11:15:07"
480,"Front Runner Bikes",279,"{0E549387-9DC1-4F37-89AF34FAAEB7CFAF}","09/12/14 11:15:07"
482,"Favorite Toy Distributor",290,"{D4352E50-AA19-434C-A515694E42B3C4BF}","09/12/14 11:15:07"
484,"World Bike Discount Store",276,"{E73E6B44-3824-4C98-A7B1796F1F1E0DE8}","09/12/14 11:15:07"
486,"Global Sporting Goods",277,"{DF54DEB4-58D4-4D01-92883F4A14F346B5}","09/12/14 11:15:07"
488,"Historic Bicycle Sales",275,"{EF4DE775-B406-45C4-A6DD9B0B4815FDBF}","09/12/14 11:15:07"
490,"Commuter Bicycle Store",282,"{326D145A-2C37-4F02-AA83350132148316}","09/12/14 11:15:07"
492,"Coalition Bike Company",281,"{137FEA4B-320D-4676-A5488EFCF1F6B36B}","09/12/14 11:15:07"
494,"Travel Systems",277,"{18203555-D7AE-4DA4-A9FC316D73435120}","09/12/14 11:15:07"
496,"Grease and Oil Products Company",277,"{458AD954-8F14-43B4-BE03B994CAC60358}","09/12/14 11:15:07"
498,"Moderately-Priced Bikes Store",280,"{05FD9119-A72E-4042-B2CECB512247DB27}","09/12/14 11:15:07"
500,"Toy Manufacturing Inc",278,"{4984EFD9-0788-450A-A4AC019899744287}","09/12/14 11:15:07"
502,"Eighty Toy Stores",279,"{9664E5A8-7584-410B-B610AD49368D670E}","09/12/14 11:15:07"
504,"Economy Bikes Company",276,"{AB32CE06-F2AF-4B8A-889ACFC4DB6B150A}","09/12/14 11:15:07"
506,"Third Bike Store",277,"{A7048720-5BDD-4DF4-8685D14D868AE297}","09/12/14 11:15:07"
508,"Atypical Bike Company",290,"{FC920A3A-8BAE-403D-99CE542BF8923FBD}","09/12/14 11:15:07"
510,"Bikes for Two",282,"{DA5280D3-2E15-4359-A493C036C0A84EC4}","09/12/14 11:15:07"
512,"Metal Processing Company",278,"{E71200E7-E3B5-4A40-BAD988364DE28030}","09/12/14 11:15:07"
514,"Widget Bicycle Specialists",279,"{5A49A2FE-09CC-46A7-95F5E81F346477BB}","09/12/14 11:15:07"
516,"Initial Bike Company",281,"{0ADCF413-2501-4DCB-BB8601CE9F6D92BE}","09/12/14 11:15:07"
518,"Latest Sports Equipment",283,"{AFC82A28-1A27-4899-A4131B4D32A2DF11}","09/12/14 11:15:07"
520,"Modern Bike Store",275,"{A7008459-EFE5-459D-95D980F5E5B44132}","09/12/14 11:15:07"
522,"Raw Materials Inc",280,"{4575F698-2FA1-409C-866F0D688251499A}","09/12/14 11:15:07"
524,"Lots of Bikes Storehouse",277,"{91D541E3-6BC1-4921-BC6A2C13EB3F7C02}","09/12/14 11:15:07"
526,"Futuristic Bikes",281,"{41DFD0BA-E78E-4456-95EF3595D32D7CA1}","09/12/14 11:15:07"
528,"Parcel Express Delivery Service",283,"{A4DAAAF3-0D24-491D-BD6F3D0413A38F2D}","09/12/14 11:15:07"
530,"Outdoor Distributors",275,"{B7004ACE-63FA-4CAB-80578456750C2DC0}","09/12/14 11:15:07"
532,"North Bike Company",288,"{DCA8E739-F0FE-490F-990B2B116D82C77D}","09/12/14 11:15:07"
534,"Prosperous Tours",289,"{A0EE7B0A-7741-4F37-BDEC8D2206467FCE}","09/12/14 11:15:07"
536,"Nonskid Tire Company",280,"{0E90C627-A250-4DBA-B891B259DBE2CA6B}","09/12/14 11:15:07"
538,"Amalgamated Parts Shop",288,"{0CE11724-2B7F-4490-94A47175F97D6D7F}","09/12/14 11:15:07"
540,"Metro Bike Works",275,"{B555436D-E4BE-4352-81445064A4D62964}","09/12/14 11:15:07"
542,"Best o' Bikes",277,"{73DCB69B-0B2E-492A-A8ED852969C26787}","09/12/14 11:15:07"
544,"Painters Bicycle Specialists",275,"{88EDC59C-1196-425A-8E7E2286BF95A214}","09/12/14 11:15:07"
546,"Client Discount Store",277,"{C7615B39-9562-48DD-A81B107914A3DD1F}","09/12/14 11:15:07"
548,"Eastside Sporting Goods",275,"{03189C8F-84CC-4207-92D44DA26EFDBB17}","09/12/14 11:15:07"
550,"Helmets and Cycles",286,"{0EA0A15A-A2CD-4F25-A833B31CAE39E783}","09/12/14 11:15:07"
552,"Requisite Part Supply",282,"{10E20A63-73CF-4A80-A6783D829C108D43}","09/12/14 11:15:07"
554,"Racks and Security Systems",279,"{4A3C505A-C5AE-4061-B37667415EFCECBB}","09/12/14 11:15:07"
556,"Mechanical Products Ltd.",281,"{CAAD1F0F-E7D6-47E6-A124788B1A9426F7}","09/12/14 11:15:07"
558,"Commendable Bikes",283,"{EB847E4A-B183-4385-8DE157C39D4D3304}","09/12/14 11:15:07"
560,"Online Bike Sellers",275,"{35EBF652-E9FC-490C-902D304E4D112ED9}","09/12/14 11:15:07"
562,"Custom Accessories Company",278,"{77BBDDB3-3FC7-4BE6-9F9018083F0DDAF8}","09/12/14 11:15:07"
564,"Unusual Bicycle Company",286,"{C7B796A1-F605-4236-B7841D1A2C3F2B7E}","09/12/14 11:15:07"
566,"Courteous Bicycle Specialists",282,"{62032F02-08F9-4766-8FC29EAD345AEEC6}","09/12/14 11:15:07"
568,"Hobby Store",279,"{4D72976F-7A2F-499D-84BAEA5FD79D0D14}","09/12/14 11:15:07"
570,"Professional Cycle Store",281,"{8C1F3E35-1A21-4FF8-82567433C6591D10}","09/12/14 11:15:07"
572,"Bike Universe",281,"{5414845A-DB08-45C9-81601762390DB768}","09/12/14 11:15:07"
574,"Fifth Bike Store",283,"{8DB66E19-FC69-45B1-888B63D253ED6A8F}","09/12/14 11:15:07"
576,"Independent Outlet",275,"{D888B41F-0F06-4E08-B871B4FD6F9E22CF}","09/12/14 11:15:07"
578,"Rambling Tours",288,"{59763192-45A0-42F9-A4F28ECF595DB261}","09/12/14 11:15:07"
580,"Farthest Bike Store",282,"{0E3F4F5A-5DEE-4B0A-A5A5C524F74156EA}","09/12/14 11:15:07"
582,"Excellent Bikes",288,"{CBC9BE9E-5422-411C-B3EFA301BE4AE107}","09/12/14 11:15:07"
584,"Curbside Universe",275,"{3C49DDE5-C64C-4456-8B4AAA9E1ECC9C2F}","09/12/14 11:15:07"
586,"Alternative Vehicles",280,"{A8C079A5-40CB-4707-B88D25B0FFA42664}","09/12/14 11:15:07"
588,"Channel Outlet",289,"{70703845-FB8A-40A5-974FD54B46943647}","09/12/14 11:15:07"
590,"Full Sports Supply",290,"{8CFF03DD-D8EC-4595-92C291B5E97957A3}","09/12/14 11:15:07"
592,"Retail Mall",282,"{7DA72678-7F78-49F9-981D29F073C024CE}","09/12/14 11:15:07"
594,"Racing Store",290,"{87EACF60-34F0-444A-8291DB255FE388D2}","09/12/14 11:15:07"
596,"Metro Metals Co.",289,"{FA71E13B-B051-4F12-A280F69ECD6AF1DB}","09/12/14 11:15:07"
598,"Sheet Metal Manufacturing",277,"{A909C7ED-04A5-4138-AB83C9E739AA28AE}","09/12/14 11:15:07"
600,"Thorough Parts and Repair Services",280,"{6A32068C-6A79-43CF-A44357841ED98990}","09/12/14 11:15:07"
602,"Uttermost Bike Shop",289,"{24F1C5F8-093A-426C-87CE8FA9AF9FAC33}","09/12/14 11:15:07"
604,"Mechanical Sports Center",275,"{739999FE-97EB-4F89-BA26A34771D9AF65}","09/12/14 11:15:07"
606,"Speedometer Sales",288,"{56C01043-10B4-487E-8D5548C1268BCE1D}","09/12/14 11:15:07"
608,"Two-Wheeled Transit Company",282,"{D03C1CEA-5D48-4DD1-98D687D06C1F33A1}","09/12/14 11:15:07"
610,"Mountain Emporium",279,"{3B74778C-9E53-47D0-83EF6438B9B77427}","09/12/14 11:15:07"
612,"Metro Cycle Shop",283,"{43BE0E08-95B3-4CFE-B5FE7C9A7270FFBA}","09/12/14 11:15:07"
614,"Outdoor Sporting Goods",281,"{689B5679-A37F-40C9-9F90E4CE21785E20}","09/12/14 11:15:07"
616,"Tread Industries",279,"{3E476935-5369-472E-9A52B58A8B985C34}","09/12/14 11:15:07"
618,"Petroleum Products Distributors",282,"{7D0C6BA8-2A0A-4663-B3596B9606F5D652}","09/12/14 11:15:07"
620,"Tandem Bicycle Store",279,"{B6437D59-886A-4AA2-846362BBFB9E0C65}","09/12/14 11:15:07"
622,"Bikes and Motorbikes",278,"{BAFCDF3F-29C8-43AA-8CF072943126C76C}","09/12/14 11:15:07"
624,"Budget Toy Store",286,"{96E67A92-F1FC-4DE6-9E7E8745FEB429BD}","09/12/14 11:15:07"
626,"Camping and Sports Store",282,"{50D6F597-0639-458F-8A287BF45551E116}","09/12/14 11:15:07"
628,"Ace Bicycle Supply",290,"{25F54CC0-9D2A-4C75-A92DC92290EA49C7}","09/12/14 11:15:07"
630,"Rural Department Store",281,"{004EA91C-FCD4-4973-87EF9059C6E20BB5}","09/12/14 11:15:07"
632,"Sports Commodities",283,"{43106FAC-7B87-4DA1-9DF8CB286247F070}","09/12/14 11:15:07"
634,"Riverside Company",275,"{C4DB8C32-4F6D-426B-A9ACE1221FBDED9F}","09/12/14 11:15:07"
636,"Bicycle Exporters",288,"{A6898AE5-FFA3-4B47-A0F7F8BF151B72AA}","09/12/14 11:15:07"
638,"Responsible Bike Dealers",277,"{FE70ECFC-EDBB-41ED-910D8DD39C87E25D}","09/12/14 11:15:07"
640,"Western Bike Supplies",281,"{4B1E8035-515E-4BE1-84D9A81CE67EE44F}","09/12/14 11:15:07"
642,"Advanced Bike Components",277,"{42BDF4B8-BFF2-4A04-B0D3EBB5896025CE}","09/12/14 11:15:07"
644,"Aerobic Exercise Company",276,"{690B6D1F-F71E-4BB8-B87DBAEB505135EF}","09/12/14 11:15:07"
646,"Rural Sporting Goods",288,"{ADB430FB-D23B-4A4C-914665193A80B9E0}","09/12/14 11:15:07"
648,"Corner Bicycle Supply",282,"{D899D5F5-48E6-4D2F-A13BDBE0A43F251D}","09/12/14 11:15:07"
650,"Distance Bikes",279,"{7A341A16-8C5B-4A18-84AB9EF05241D721}","09/12/14 11:15:07"
652,"Westside Plaza",281,"{06ABC249-EC49-45D1-B84E98352CE995D7}","09/12/14 11:15:07"
654,"Ultimate Bike Shop",279,"{D23B2B5F-D58A-4ADE-A2040082F50E32BA}","09/12/14 11:15:07"
656,"Outstanding Cycles",283,"{039E021A-8084-4BF1-9E4F51583CA75867}","09/12/14 11:15:07"
658,"Vigorous Sports Store",289,"{3FE5AFD2-FE6A-4B66-8BA9E7CC25E0E9C4}","09/12/14 11:15:07"
660,"Sports Merchandise",280,"{3E12DA24-CD4E-4552-AA4FDC45BC432972}","09/12/14 11:15:07"
662,"Fitness Toy Store",277,"{FA2486E8-99B6-4832-9EDF1F86F1399CFC}","09/12/14 11:15:07"
664,"Casual Bicycle Store",275,"{EF495883-01E1-46A0-ACA4F41DD60BCFC1}","09/12/14 11:15:07"
666,"Fitness Discount Store",286,"{9AB6652A-8949-4FF5-AA992E7252BFD359}","09/12/14 11:15:07"
668,"General Cycle Storehouse",278,"{90CC4967-1A64-4F9C-B2827917AF63D9AD}","09/12/14 11:15:07"
670,"Fitness Cycling",281,"{6F3AC326-F2FE-4BFF-BF5AAB67AD72A076}","09/12/14 11:15:07"
672,"Good Bike Shop",277,"{D39BC672-BB52-4EB7-939FB3986EC7A5CA}","09/12/14 11:15:07"
674,"Imaginary Toys",280,"{4C6992A0-DC3E-4A96-9BBB9239135C29DF}","09/12/14 11:15:07"
676,"Inexpensive Parts Shop",286,"{7D6588FC-EFB7-4851-A9CEF4C71E494709}","09/12/14 11:15:07"
678,"Nuts and Bolts Mfg.",278,"{F5B50576-9C84-4125-AF94EBCC49D8BE9E}","09/12/14 11:15:07"
680,"Principal Bicycle Supply",279,"{B0BDBE3B-F9F2-4BDD-A74B9423ECA7A815}","09/12/14 11:15:07"
682,"Thrilling Bike Tours",276,"{B501D2CA-B083-47EC-A2A04341DA752F4B}","09/12/14 11:15:07"
684,"This Area Sporting Goods",277,"{FB6331EA-0148-418A-884A84D1DA20AC3C}","09/12/14 11:15:07"
686,"Full-Service Bike Store",275,"{A167F30E-C0F1-49C3-96CE4E8A2CA3C65C}","09/12/14 11:15:07"
688,"Plastic Products Manufacturers",286,"{035FC393-8BF1-4522-9DD7F7CF3140740A}","09/12/14 11:15:07"
690,"Kids and Adults Cycle Shop",286,"{7F00EE1C-91F3-46DC-8384CB0317463E70}","09/12/14 11:15:07"
692,"Grand Discount Store",275,"{20148536-7BF7-4A99-A1842BDF1EB5EB40}","09/12/14 11:15:07"
694,"Genuine Bike Shop",277,"{EF74488B-1B77-4148-93EFA4BC4638C921}","09/12/14 11:15:07"
696,"Extreme Riding Supplies",276,"{0C1AD971-9999-441A-9BF88D95C44489D2}","09/12/14 11:15:07"
698,"Bike Rims Company",279,"{D664A5CB-EB27-422E-8C7EC81814508C73}","09/12/14 11:15:07"
700,"Fleet Bikes",276,"{CEC2CC52-9FAD-4328-A288C01649DFE106}","09/12/14 11:15:07"
702,"Local Hardware Factory",277,"{16C76410-67E9-4082-BFF4172F287C1F7C}","09/12/14 11:15:07"
704,"Only Bikes and Accessories",275,"{AF3B1A6A-E60B-4E74-96EAE55C89F0ADF6}","09/12/14 11:15:07"
706,"Rental Gallery",286,"{71322A9A-9FEB-4C12-947AE3AEFFBFA3E2}","09/12/14 11:15:07"
708,"South Bike Company",278,"{C3346CE3-CA88-4E5B-8A4105E76ABF4FCF}","09/12/14 11:15:07"
710,"Wonderful Bikes Inc.",279,"{0948EFCE-69EF-4866-B25E19AC06159158}","09/12/14 11:15:07"
712,"Another Sporting Goods Company",276,"{0945ECB3-8C14-4B65-90B99DB474085CE8}","09/12/14 11:15:07"
714,"Discount Bicycle Specialists",277,"{4833DBBD-77DD-4855-882DB5BB392F8D83}","09/12/14 11:15:07"
716,"Famous Bike Sales and Service",275,"{DCB36C79-B15C-4A9E-A1691490449EA59F}","09/12/14 11:15:07"
718,"First Supplies",286,"{1B118FAE-776A-4756-92B0A7937F0EDBAE}","09/12/14 11:15:07"
720,"Machines & Cycles Store",278,"{C5F81C18-5674-480B-8B7DBC1608E21E8E}","09/12/14 11:15:07"
722,"Pedals Warehouse",279,"{D2DC2451-E8F2-449B-B94CF6729DCF110C}","09/12/14 11:15:07"
724,"Two Wheels Cycle Store",276,"{A04E78FF-C151-4A8F-921C1043C85BD74C}","09/12/14 11:15:07"
726,"Westside Cycle Store",277,"{147F9060-DD41-4810-AB5B2439C7816FEB}","09/12/14 11:15:07"
728,"Wholesale Bikes",275,"{57F096C7-5BC4-4F8C-91719E03246D5439}","09/12/14 11:15:07"
730,"Very Best Sports Supply",288,"{5A0F3B85-4258-4219-B82531195034C5C3}","09/12/14 11:15:07"
732,"Urban Sports Emporium",282,"{AC4CA540-5260-4333-818B434F3FF000C5}","09/12/14 11:15:07"
734,"Superlative Bikes",279,"{E2EFC4E8-5B3F-47E2-B0A6BE0701B34A05}","09/12/14 11:15:07"
736,"Primary Cycle Shop",288,"{219ADF36-CF78-4841-B34826C2ADFB518E}","09/12/14 11:15:07"
738,"Sixth Bike Store",282,"{587834DE-CB5C-4C9F-870BBEFE343B681B}","09/12/14 11:15:07"
740,"Touring Services",279,"{1BAA7F8A-C00A-441E-8D40E06A4AEC1C43}","09/12/14 11:15:07"
742,"Vehicle Shop",281,"{08CBC4A5-2BD2-46D5-B0E8327387559092}","09/12/14 11:15:07"
744,"First Department Stores",283,"{443E7B85-6E6E-440E-97C810075B6FBE4A}","09/12/14 11:15:07"
746,"Grand Sport Boutique",275,"{96BA60F5-324C-467E-BF106259107DBD81}","09/12/14 11:15:07"
748,"Major Equipment Co",288,"{7F68AF6F-23E9-456A-8EA969D130FA09FD}","09/12/14 11:15:07"
750,"Custom Sales and Service",282,"{F6618771-CA58-4681-9F859E91D7BEAC23}","09/12/14 11:15:07"
752,"Elemental Sporting Goods",279,"{52581C1D-2510-48AE-9E095DB1F7C96950}","09/12/14 11:15:07"
754,"Distinctive Store",281,"{019E92AA-628C-4914-ACBCD540E595E887}","09/12/14 11:15:07"
756,"Grand Cycle Store",283,"{1F40D1DE-0B48-436C-BF9EAD6F31629FF3}","09/12/14 11:15:07"
758,"Nearby Bike Mall",288,"{D2DF815B-B890-4A47-A396D8FF91914356}","09/12/14 11:15:07"
760,"Handy Bike Services",275,"{F4AE5E4F-8702-419B-9E8EF82489669453}","09/12/14 11:15:07"
762,"Friendly Bike Shop",283,"{CCBA980D-AE01-49AC-AA308224225D900F}","09/12/14 11:15:07"
764,"Fashionable Bikes and Accessories",281,"{63427938-8DBB-470B-85D21B5CB62F9ED7}","09/12/14 11:15:07"
766,"Extreme Toy Store",279,"{DBE4A587-BD26-485B-94C3B04E944627C9}","09/12/14 11:15:07"
768,"Citywide Service and Repair",282,"{10069045-FE16-4EEF-BDF82AA907C8924D}","09/12/14 11:15:07"
770,"Best Cycle Store",288,"{6A2DAF2A-19A5-42C5-8DC42038561C5AE3}","09/12/14 11:15:07"
772,"Professional Sporting Goods",275,"{E0453AAA-7D26-4F08-B5AB4DC265330CF2}","09/12/14 11:15:07"
774,"Rugged Bikes",283,"{623DB28F-60DA-49D6-B72D1680AA5E6351}","09/12/14 11:15:07"
776,"Principal Bike Company",281,"{9BBE2C3D-BE66-474E-BC4E0EA19BF08DD5}","09/12/14 11:15:07"
778,"One-Piece Handle Bars",279,"{3159C810-9549-497F-8E2E7E7DC7158751}","09/12/14 11:15:07"
780,"Finer Riding Supplies",282,"{943A2705-CE9C-47D6-8708407BD239ED49}","09/12/14 11:15:07"
782,"Neighborhood Store",278,"{97A18A38-227D-4886-B7117967AF5EBB8E}","09/12/14 11:15:07"
784,"Online Bike Catalog",286,"{DF376BCF-680E-4B1E-AA7023DB54C6D129}","09/12/14 11:15:07"
786,"Outdoor Equipment Store",275,"{4DCDF6F3-84A2-4407-973A14AE73EB4E7F}","09/12/14 11:15:07"
788,"Paint Supply",277,"{1229501B-B60C-41A9-97E68B1D13C568DE}","09/12/14 11:15:07"
790,"Preferred Bikes",276,"{6AB9D50F-4181-4704-9B51E558B491D82B}","09/12/14 11:15:07"
792,"Rally Day Mall",279,"{1D7C7AE9-7DF4-4B89-9A80B224A2DD6B41}","09/12/14 11:15:07"
794,"Rewarding Activities Company",278,"{B6D5B9BA-7304-4E4D-A78C8FB8A66FBF4B}","09/12/14 11:15:07"
796,"Rich Department Store",286,"{B227CA7D-70A5-48A6-B099E71B35D543DA}","09/12/14 11:15:07"
798,"Sales and Supply Company",275,"{40EF14B1-9714-4765-9284951D01A65EB2}","09/12/14 11:15:07"
800,"Stationary Bikes and Stands",277,"{B2FEDF01-27F1-4978-AC3D0CF105185A33}","09/12/14 11:15:07"
802,"Successful Sales Company",280,"{A3D9586D-2EEC-4E39-B3112880FCDEB536}","09/12/14 11:15:07"
804,"Downtown Hotel",281,"{19C5CCAF-6FDE-4F34-B10C2155533C51F6}","09/12/14 11:15:07"
806,"Certified Sports Supply",282,"{0F2C5152-8B95-41F8-B0A0F6AF76DA98CB}","09/12/14 11:15:07"
808,"Registered Cycle Store",290,"{DEA4BEF9-A886-41E7-BE618D2618260863}","09/12/14 11:15:07"
810,"Rampart Amusement Company",289,"{4D64A5FF-671A-4C93-A4949FB5DC7C76B4}","09/12/14 11:15:07"
812,"Sundry Sporting Goods",282,"{89523B8A-763B-41DA-BF569ED59C0A1CBB}","09/12/14 11:15:07"
814,"Excellent Riding Supplies",279,"{C0D3F06B-DAC6-42B6-B3A29F69EF2E27E7}","09/12/14 11:15:07"
816,"Farthermost Bike Shop",281,"{91A84292-1E38-4DED-91EE9BFAA1DD3DEA}","09/12/14 11:15:07"
818,"Suburban Cycle Shop",283,"{B3504BB0-308C-4D26-8E0AECE43FE55A20}","09/12/14 11:15:07"
820,"Weekend Tours",275,"{4CFE3BD5-98F1-4E4A-90DF9DECF1CE042B}","09/12/14 11:15:07"
822,"Racing Bike Outlet",283,"{BF71F3BC-449F-418B-A0B3C9F070365CF3}","09/12/14 11:15:07"
824,"Utilitarian Sporting Goods",281,"{9F37EB77-80E4-4FFC-A5DC3B1808D9AF72}","09/12/14 11:15:07"
826,"Bike Goods ",279,"{DB843B5D-DF3D-44BA-B4EF81DCAE29CB93}","09/12/14 11:15:07"
828,"Vigorous Exercise Company",282,"{9A4119A4-E158-4754-93A3BAB22274440F}","09/12/14 11:15:07"
830,"Showcase for Cycles",288,"{04DCAA69-AD7B-43C7-B149E6FE2604D27E}","09/12/14 11:15:07"
832,"Lease-a-Bike Shop",275,"{58C02EAC-D3FD-4A79-B07720C999B88A54}","09/12/14 11:15:07"
834,"Functional Store South",288,"{0D5C741D-A691-4732-93A3D34ED0ED3716}","09/12/14 11:15:07"
836,"Active Cycling",275,"{1E3DFF09-7E5C-49BD-B8B1D0A2E1523BF6}","09/12/14 11:15:07"
838,"Stock Parts and Supplies",283,"{ED67B7EC-A2A1-4F0B-99591BCD1C7E8B36}","09/12/14 11:15:07"
840,"Roadway Supplies",281,"{DD1CEEF8-3E77-4D8E-B42048ACBA0A9651}","09/12/14 11:15:07"
842,"Sensational Discount Store",279,"{56795063-F8C7-4550-8A37357D91CB7C96}","09/12/14 11:15:07"
844,"Future Bikes",282,"{95A0E002-F4F0-4B42-AB6F860C02405A6D}","09/12/14 11:15:07"
846,"Super Sports Store",275,"{A7B14C08-DB02-4182-ABBD25DAA3DBA7F2}","09/12/14 11:15:07"
848,"Satin Finish Company",277,"{24803781-0ABD-47F6-A88CC5FAE0EAA3F7}","09/12/14 11:15:07"
850,"Regional Manufacturing",281,"{164611B2-0B8A-4BCB-92BAA7224089C518}","09/12/14 11:15:07"
852,"Original Bicycle Supply Company",282,"{093A9472-B613-4214-9C414D707CFC38C0}","09/12/14 11:15:07"
854,"First Center",290,"{2A96F5EA-199D-4B7B-B491AF05FA0EDD2E}","09/12/14 11:15:07"
856,"Action Bicycle Specialists",289,"{1D624DC8-9EBE-4ACB-81C890F0B474B64F}","09/12/14 11:15:07"
858,"Roadway Bike Emporium",280,"{10F49B6A-8815-4B0C-AA31F22972741D88}","09/12/14 11:15:07"
860,"Sleek Bikes ",277,"{50684A79-632B-4A17-98F1B09997E57EC2}","09/12/14 11:15:07"
862,"Retail Sporting Equipment",281,"{7C69A372-2100-4D34-9C599645AF5465F0}","09/12/14 11:15:07"
864,"Price-Cutter Discount Bikes",282,"{5EF7F44B-42FC-4B7D-A1D3FDF2F906AAC1}","09/12/14 11:15:07"
866,"Brand New Bikes",290,"{43A5E3FD-0886-44E3-9640772616D463B7}","09/12/14 11:15:07"
868,"Central Bicycle Specialists",289,"{C87ACCFE-02F1-4ECB-8759D418E0DF29EA}","09/12/14 11:15:07"
870,"Vast Bike Sales and Rental",280,"{C8C03798-FEE6-49E1-A1124F128F7F45B7}","09/12/14 11:15:07"
872,"Summer Sports Place",277,"{4FF928F2-D314-455B-B00DDE870E399850}","09/12/14 11:15:07"
874,"Real Sporting Goods",281,"{6CBA3BFD-AF5C-4EAC-9F807B57DFE9FE5A}","09/12/14 11:15:07"
876,"Versatile Sporting Goods Company",288,"{D41BA195-3DA6-42FB-852244A96DACB956}","09/12/14 11:15:07"
878,"Bicycle Outfitters",275,"{EFDF9B24-7A68-42EB-949B9AA87C7AF9D9}","09/12/14 11:15:07"
880,"The Bike Shop",283,"{EA9810DB-8F73-44E8-B65AD148F62BF63A}","09/12/14 11:15:07"
882,"Safe Toys",281,"{3B49BA13-2F39-4481-8153AD709211834E}","09/12/14 11:15:07"
884,"Qualified Sales and Repair Services",279,"{08A0EB56-A881-488F-A408237A07EE87AD}","09/12/14 11:15:07"
886,"Our Sporting Goods Store",282,"{AE7B0459-93B0-401B-81286C0B3EE154FC}","09/12/14 11:15:07"
888,"Lustrous Paints and Components",288,"{2E909F37-9D27-4090-B40F148B648B0ABF}","09/12/14 11:15:07"
890,"Expert Sports Store",275,"{6F2A7D51-BFF7-4D84-8066642554A19D3A}","09/12/14 11:15:07"
892,"Coho Sports",283,"{1DDBBF6F-BC85-45DF-8798ACB47864BC13}","09/12/14 11:15:07"
894,"Jumbo Bikes",286,"{63B27F51-853D-44C5-87A71F798D0712C4}","09/12/14 11:15:07"
896,"Quick Delivery Service",278,"{5F287EDA-9256-45D0-8C10E8E73BF0AF34}","09/12/14 11:15:07"
898,"Tough and Reliable Parts",279,"{5D8FDD67-754E-4233-A7267C2273E72D9D}","09/12/14 11:15:07"
900,"Basic Sports Equipment",276,"{F848FDFB-B867-4628-B5D91DF6137103E1}","09/12/14 11:15:07"
902,"Cash & Carry Bikes",277,"{2C9C648C-3DC1-47DF-937DEE53001FFC34}","09/12/14 11:15:07"
904,"Convenient Bike Shop",275,"{060B2E02-67A3-493E-AC3AC2A7851498FD}","09/12/14 11:15:07"
906,"Fitness Bike Accessories",286,"{132EF67C-F056-4245-861703DA1B1DA9B4}","09/12/14 11:15:07"
908,"General Bike Corporation",278,"{990C7FDD-84F7-4910-B1407BEFC410DFF2}","09/12/14 11:15:07"
910,"Quitting Business Distributors",279,"{F09339A6-110A-421E-9C6406BC99A96FE9}","09/12/14 11:15:07"
912,"Retail Cycle Shop",276,"{7E6CDD50-3AE0-442B-93FF92E0D7561391}","09/12/14 11:15:07"
914,"Social Activities Club",277,"{46FAB6E6-5FB5-4131-B7CD1DA4D7FFD16F}","09/12/14 11:15:07"
916,"Blue Bicycle Company",275,"{EDD3982F-5DF1-4E35-8DEBCF85796257E4}","09/12/14 11:15:07"
918,"Expert Cycle Store",286,"{111A9AF9-D7D1-4685-A091D815DFABB800}","09/12/14 11:15:07"
920,"General Riding Supplies",278,"{B2340407-6A5B-4ECA-891AB59DBEEC8049}","09/12/14 11:15:07"
922,"Parts Shop",279,"{42964898-0530-4811-9E7B4DA71AC9E21A}","09/12/14 11:15:07"
924,"Riding Excursions",276,"{642126C4-B893-460A-B8FD0A041447ECC4}","09/12/14 11:15:07"
926,"Unique Bikes",277,"{424B0C7D-36B5-4D83-8B83D346726BC960}","09/12/14 11:15:07"
928,"Rural Cycle Emporium",282,"{59DEAE0A-7B98-4B25-94311BE36365167F}","09/12/14 11:15:07"
930,"Associated Bikes",281,"{22E7C8DD-5FEB-4B87-ABF2D87BC0AA4695}","09/12/14 11:15:07"
932,"Modular Cycle Systems",277,"{A232DAE8-2411-4FDC-BBB26EB5F547986B}","09/12/14 11:15:07"
934,"A Bike Store",280,"{80B15702-DF20-4DF9-876C2CF1C3978D39}","09/12/14 11:15:07"
936,"Journey Sporting Goods",277,"{F2AC714E-6E3E-4D55-AC9DEA0FFA700BBB}","09/12/14 11:15:07"
938,"Two Bike Shops",280,"{3F8D0676-B72E-4BFC-B90ECEADE5B51CDE}","09/12/14 11:15:07"
940,"Cycles Wholesaler & Mfg.",289,"{B634AE55-E758-4184-BD406F0EEC1EE566}","09/12/14 11:15:07"
942,"Wheels Inc.",290,"{7D98C7C7-C155-482E-A2B2918964A02A05}","09/12/14 11:15:07"
944,"Number One Bike Co.",289,"{6F9F5165-4E33-484E-8062DA66D67674B2}","09/12/14 11:15:07"
946,"Racing Supply Distributors",290,"{1BCAD975-F366-4870-9F2767F8E0443BFC}","09/12/14 11:15:07"
948,"Standard Bikes",282,"{5652E775-8192-4ED3-9DA0979A1FCB2071}","09/12/14 11:15:07"
950,"The Bicycle Accessories Company",281,"{A91F242F-E7AE-4B00-ABC6037B9E740D9D}","09/12/14 11:15:07"
952,"Active Systems",277,"{DC414650-F329-4888-A3EAAD5F4BB3C082}","09/12/14 11:15:07"
954,"Futuristic Sport Distributors",281,"{6DA7B1D1-17B5-4382-A9D4FBE204B9C8DF}","09/12/14 11:15:07"
956,"Finer Sales and Service",282,"{00A7E190-D705-4791-AAB5AD218497DD06}","09/12/14 11:15:07"
958,"Big-Time Bike Store",281,"{059B53A3-3394-433B-B91697265D5A95C5}","09/12/14 11:15:07"
960,"The Showroom",282,"{AF96A1EF-F280-411E-BE2F063A000DC162}","09/12/14 11:15:07"
962,"Spa and Exercise Outfitters",290,"{6FE30ABE-390E-41BB-A85F82279AA39245}","09/12/14 11:15:07"
964,"Year-Round Sports",283,"{FAE5ED78-BCFC-44FB-9D141207978FD56D}","09/12/14 11:15:07"
966,"The New Bike Store",276,"{6E52EF1B-0C2A-447D-B182EFF74A256E57}","09/12/14 11:15:07"
968,"Resident Cycle Shop",279,"{3D1FABE2-11EE-46EB-A6D20DFA11EF96CA}","09/12/14 11:15:07"
970,"Primary Bike Distributors",278,"{1B520861-7D47-4BB2-96EE4ACD2B54ED5E}","09/12/14 11:15:07"
972,"Major Bicycle Store",286,"{1589E17F-1B07-411A-89386BCEC7D3140F}","09/12/14 11:15:07"
974,"Leather and Vinyl Manufacturing",275,"{5EFF72C4-6EA5-4CDC-8D14017265283388}","09/12/14 11:15:07"
976,"Genial Bike Associates",277,"{8BC88E7C-8F45-4B76-83CF2B3B4748DE76}","09/12/14 11:15:07"
978,"Commercial Sporting Goods",281,"{835873E3-6C31-4F68-BDE5C9DB54ADA0F6}","09/12/14 11:15:07"
980,"Wholesale Parts",282,"{D32D0B60-2A92-4F48-8B49817466BD7DBD}","09/12/14 11:15:07"
982,"Steel Inc.",290,"{5F9911F5-04FB-4288-801B4AF1E9EF19B0}","09/12/14 11:15:07"
984,"Riding Cycles",289,"{A631B7D3-4ADA-4D5C-A9856DFF7A8066BE}","09/12/14 11:15:07"
986,"Metro Manufacturing",282,"{682059C4-DE55-43F6-87541A232DF99FA4}","09/12/14 11:15:07"
988,"Manufacturers Inc",279,"{349C5E18-0492-4FF2-B3B6CE2C5277D948}","09/12/14 11:15:07"
990,"Locks Company",281,"{167623C3-B88E-4AEE-A7D2FE88D197E6CC}","09/12/14 11:15:07"
992,"Latest Accessories Sales",283,"{D9BF3762-B599-4D99-B0656944631FEBA3}","09/12/14 11:15:07"
994,"Incomparable Bicycle Store",275,"{3385D478-6DC8-4126-B198868A7EC06851}","09/12/14 11:15:07"
996,"Hometown Riding Supplies",288,"{BBA21530-CA9C-498E-BDA9F5B62F8C8525}","09/12/14 11:15:07"
998,"Greater Bike Store",282,"{AAE55B33-B3DB-4F4F-86471FA93573A847}","09/12/14 11:15:07"
1000,"Games and Sport Supply Company",279,"{15A3600A-31AE-4603-AE822199CEEAD5EB}","09/12/14 11:15:07"
1002,"Distant Inn",281,"{4F48780D-71DF-4523-9B4E1C234EA699DF}","09/12/14 11:15:07"
1004,"Finer Mart",283,"{9DE8D05E-04B5-4BE1-AC7E8AC22EC04329}","09/12/14 11:15:07"
1006,"Economic Parts Supply",275,"{66BC65DF-A24E-4B78-AB1DF680C4A75451}","09/12/14 11:15:07"
1008,"Precision Gears Inc.",288,"{FB89AC44-0CF5-45D1-928E1BEEECE05ABF}","09/12/14 11:15:07"
1010,"Cross-Country Riding Supplies",282,"{55B8CE76-1C6A-4181-83CF786C60CEE77F}","09/12/14 11:15:07"
1012,"Stylish Department Stores",279,"{062A2EB8-9B1D-4FDF-A6273E45F76D2096}","09/12/14 11:15:07"
1014,"Bike World",281,"{17906B3F-7EA8-4B87-A60E278DF291A580}","09/12/14 11:15:07"
1016,"Central Discount Store",283,"{58BF407A-5F67-4228-B4EBB11C91C1C003}","09/12/14 11:15:07"
1018,"Trusted Catalog Store",275,"{3C3D1D16-DEFE-412F-B4BF0935E366DFF2}","09/12/14 11:15:07"
1020,"Bicycle Warehouse Inc.",288,"{ADB7B98C-4E19-415D-AECAD579B328E760}","09/12/14 11:15:07"
1022,"Sharp Bikes",282,"{1F1EBDC9-2874-4A7E-BE411127CBEC7870}","09/12/14 11:15:07"
1024,"Exemplary Cycles",279,"{AB2AB66C-9002-4A91-96C92E9CB0881E96}","09/12/14 11:15:07"
1026,"Metropolitan Sports Supply",281,"{058DEA7C-58FD-42E5-A199B19C669E985C}","09/12/14 11:15:07"
1028,"Progressive Sports",283,"{E88B2A4C-72D3-4818-9F94C59633D66CE8}","09/12/14 11:15:07"
1030,"Underglaze and Finish Company",279,"{4008C49C-584E-432F-82E9F224AB5772F1}","09/12/14 11:15:07"
1032,"Brakes and Gears",276,"{5E3FD434-3D79-4ECD-AB34AF321EE2CFE7}","09/12/14 11:15:07"
1034,"The Accessories Store",277,"{69DEB656-1602-4D6E-AE60D50A8B3AFFFD}","09/12/14 11:15:07"
1036,"Mountain Bike Store",275,"{65B0D467-0550-4230-9EFFD931A786F5C2}","09/12/14 11:15:07"
1038,"Bike Part Wholesalers",286,"{2D5CE5AD-8CFD-41EE-87DE767E09312450}","09/12/14 11:15:07"
1040,"Family Cycle Store",278,"{75A4C312-100C-4F7E-AE2ECC57EA12F51D}","09/12/14 11:15:07"
1042,"Popular Bike Lines",286,"{ED883C76-170D-4FB9-A277295D39D3EAF9}","09/12/14 11:15:07"
1044,"Superb Sales and Repair",278,"{82AAF249-D8A7-427C-91E3C7D2688A9D57}","09/12/14 11:15:07"
1046,"Better Bike Shop",279,"{C5516152-8D15-438F-87F3E29517E462D9}","09/12/14 11:15:07"
1048,"Countryside Company",276,"{A7C471A1-1176-4335-BC857E89523939DD}","09/12/14 11:15:07"
1050,"First Bike Store",277,"{8967EC04-4782-47A0-BC0C5FDECE06B1B5}","09/12/14 11:15:07"
1052,"Traditional Department Stores",275,"{177C4CFC-F9DF-44B9-B78CDD01FADB28D8}","09/12/14 11:15:07"
1054,"Eastside Cycle Shop",286,"{FE68DFF4-1D4E-429E-B3849C1DB41A605E}","09/12/14 11:15:07"
1056,"General Department Stores",278,"{1C035FDB-8781-4E4C-9C4E9CB3AE7B45A9}","09/12/14 11:15:07"
1058,"Mass Market Bikes",286,"{19E26B49-51B1-4094-AC2FB325616F2E02}","09/12/14 11:15:07"
1060,"Operational Manufacturing",278,"{43FCE0D5-7A1B-4316-8C1C58B9ACC57FA2}","09/12/14 11:15:07"
1062,"Online Bike Warehouse",282,"{4322AFFF-BFB8-430F-894AC94B2D2D73FE}","09/12/14 11:15:07"
1064,"Retread Tire Company",279,"{A6AEBD0A-7C1F-4792-BC55D001FE04B4E1}","09/12/14 11:15:07"
1066,"Small Bike Shop",281,"{1B5C94C6-7689-4487-9929AD16B7E19F75}","09/12/14 11:15:07"
1068,"Superior Hardware Distributors",283,"{C8C746DE-FC58-4C58-ABC131E1375BE48D}","09/12/14 11:15:07"
1070,"Fitness Sport Boutique",275,"{954F80AA-5BD2-41A1-AB34BB402AAC37D9}","09/12/14 11:15:07"
1072,"Producer Goods Clearinghouse",288,"{9567E707-7FB8-40B2-A57A332C6B2E8B1E}","09/12/14 11:15:07"
1074,"Recreation Systems",275,"{CBD5D92A-3CFF-40B0-9214B0D337BE2A75}","09/12/14 11:15:07"
1076,"Rustic Bike Store",288,"{04AE6EB5-BEA3-419F-96D671E6551D1993}","09/12/14 11:15:07"
1078,"Eastside Parts Shop",282,"{3298C70D-BC74-430A-9549D292191C3F16}","09/12/14 11:15:07"
1080,"Exchange Parts Inc.",279,"{0D350025-A81C-4AEC-A713E536E2F66AC8}","09/12/14 11:15:07"
1082,"First Cycle Store",281,"{4C5F9B1E-83E9-4067-A5F02888BDB08D29}","09/12/14 11:15:07"
1084,"Running and Cycling Gear",283,"{40DE80D3-D91F-43A0-B962A2BD4FB0C795}","09/12/14 11:15:07"
1086,"Seventh Bike Store",275,"{89522A3F-A2DD-4EAE-9666542B61E42324}","09/12/14 11:15:07"
1088,"Fast Services",288,"{CD687AD1-A0A3-4CCF-96B3649B975417B0}","09/12/14 11:15:07"
1090,"General Associates",279,"{97137436-9322-45A0-9EBA19B7F5C4FE6C}","09/12/14 11:15:07"
1092,"Good Toys",276,"{045E0EB6-756C-48FE-B92318E892DD964A}","09/12/14 11:15:07"
1094,"Little Bicycle Supply Shop",277,"{35C9AF15-98E7-4CCB-9EDCEF873BA38DC6}","09/12/14 11:15:07"
1096,"Retail Toy Store",279,"{01351A38-0674-4191-918D3C10B5932E8A}","09/12/14 11:15:07"
1098,"Strenuous Exercise Shop",276,"{1489097D-7481-405D-BC934274CB5E6A82}","09/12/14 11:15:07"
1100,"All Seasons Sports Supply",277,"{1CE3C3B7-C33D-4196-95DB4E8FCFDA715F}","09/12/14 11:15:07"
1102,"Leisure Clearing House",289,"{CED2BA1E-25A2-43B2-8BBBC5CC4FB0B9FD}","09/12/14 11:15:07"
1104,"Outdoor Toy Store",290,"{5ED195D0-4019-4B98-A276CEA761D6E933}","09/12/14 11:15:07"
1106,"The Commissary",282,"{85BA2EBE-8759-453C-9F7D8F0B955577BE}","09/12/14 11:15:07"
1108,"Affordable Sports Equipment",281,"{09B525A2-191F-4431-B202835C65AC0EA7}","09/12/14 11:15:07"
1110,"Local Sales and Rental",277,"{07833647-BA03-4D2A-AE6392FD82FC6526}","09/12/14 11:15:07"
1112,"Economy Center",282,"{DEF1343E-CA6A-4577-ACE23F644E2881BA}","09/12/14 11:15:07"
1114,"Community Department Stores",290,"{C242EAB7-79F4-4E3C-A7DB48EF7F66753E}","09/12/14 11:15:07"
1116,"Area Sheet Metal Supply",289,"{0FECA845-86DB-4048-911A1C97EE5E3E2A}","09/12/14 11:15:07"
1118,"Synthetic Materials Manufacturing",280,"{634A228B-5268-4789-A687182151058D39}","09/12/14 11:15:07"
1120,"Rural Sales and Service",277,"{3874BE34-898F-424C-BABBE6929D6DB0F8}","09/12/14 11:15:07"
1122,"Tubeless Tire Company",289,"{C4183BAC-64C2-49CF-A308FDA09F500EEF}","09/12/14 11:15:07"
1124,"Tires and Tubes",280,"{88CEECEE-7AD3-42E7-9F750F5A397083AE}","09/12/14 11:15:07"
1126,"Hardware Components",277,"{F1587A33-543D-4CBA-950BE97E0BFE90DF}","09/12/14 11:15:07"
1128,"Retail Sporting Goods",281,"{09A0D120-26D6-45FF-87A7D5D5CF9A0B71}","09/12/14 11:15:07"
1130,"Efficient Cycling",282,"{DE0AA7AE-3063-40F5-B0C19112B1707A99}","09/12/14 11:15:07"
1132,"General Industries",282,"{B51EE310-8AAD-4DF2-A5CB5C452B68BBFE}","09/12/14 11:15:07"
1134,"Highway Bike Shop",281,"{C4E0BA14-3A94-4DE8-BFA6CC77754EBEE3}","09/12/14 11:15:07"
1136,"Rental Bikes",277,"{995A09E7-7E7F-4B24-B493FB70D5B83828}","09/12/14 11:15:07"
1138,"Roving Sports",280,"{0E845A5C-66B0-4979-B65C5887A58614A6}","09/12/14 11:15:07"
1140,"Express Bike Services",289,"{EB0F662C-8D87-454E-ABAD0CBBB847C171}","09/12/14 11:15:07"
1142,"Major Amusement Company",290,"{A37F70D2-4AA8-4C29-A3F400D238DD9628}","09/12/14 11:15:07"
1144,"Retail Discount Store",282,"{841949ED-FE89-4FC6-9E24605ADF88B9CD}","09/12/14 11:15:07"
1146,"Vale Riding Supplies",281,"{8B93DBA7-7742-42AB-81C191FFC3B713CB}","09/12/14 11:15:07"
1148,"A Great Bicycle Company",277,"{68FC27AD-2ED1-4F61-A0680AA3DEBD9931}","09/12/14 11:15:07"
1150,"Certified Bicycle Supply",280,"{2656A532-5879-4092-91EBE7A2D2CD2EE6}","09/12/14 11:15:07"
1152,"Exceptional Cycle Services",289,"{4CCC7825-4C14-4649-B91F8B5656C708F0}","09/12/14 11:15:07"
1154,"Instant Cycle Store",290,"{B54785A0-100D-4912-86E8847F736A6BA5}","09/12/14 11:15:07"
1156,"Leisure Activities",282,"{5500DC18-DA7B-4107-A9C00DD8CC47FAAD}","09/12/14 11:15:07"
1158,"Paints and Solvents Company",281,"{AD164FAE-F4F6-4C0F-852E889EE6280B41}","09/12/14 11:15:07"
1160,"West Wind Distributors",288,"{4FE6E559-7339-4043-92D9635F2F3C00B0}","09/12/14 11:15:07"
1162,"Bikes for Kids and Adults",282,"{DC41A5CF-FE94-47A2-8402C3072A55F1E8}","09/12/14 11:15:07"
1164,"Consolidated Sales",279,"{740D720C-E93A-47BD-922BB6DB87BA5452}","09/12/14 11:15:07"
1166,"Home Town Bike Store",278,"{AF4AC9E0-FABE-4624-89FFEA136723359A}","09/12/14 11:15:07"
1168,"Optimal Bikes",279,"{EE22CF36-5DC3-483E-885A37ED28508A30}","09/12/14 11:15:07"
1170,"Sample Bike Store",276,"{B39BF496-3DD4-47AF-9F265A7B44349127}","09/12/14 11:15:07"
1172,"Extras Sporting Goods",277,"{08C40323-B1C0-41DE-978E497B84513B5A}","09/12/14 11:15:07"
1174,"Sure & Reliable Sporting Goods",283,"{8A8E549D-0BA5-43D0-ADF860F9B5FDEC9D}","09/12/14 11:15:07"
1176,"Eleventh Bike Store",275,"{63164F1D-D845-487D-AECB74E67A036563}","09/12/14 11:15:07"
1178,"Enterprise Center",288,"{23DF9965-0D48-4935-8AF6A3F21D37EDFA}","09/12/14 11:15:07"
1180,"Purple Bicycle Company",282,"{0D9B5235-D3C0-4BF0-A319F122C2CC1A36}","09/12/14 11:15:07"
1182,"New and Used Bicycles",279,"{271474F4-52F9-4C6D-AD705A894111E739}","09/12/14 11:15:07"
1184,"Separate Parts Corporation",281,"{4CF82063-B7CB-4772-9F0CD3ACB230F459}","09/12/14 11:15:07"
1186,"Basic Bike Company",283,"{F2C84903-19ED-4549-8B4E9604C558EAB6}","09/12/14 11:15:07"
1188,"Fabrikam Inc., West",275,"{9DA146B6-2E9B-4039-83E1427879F8471E}","09/12/14 11:15:07"
1190,"Mechanical Brake Manufacturers",288,"{0E715AB8-2EB4-41E4-8B9D63523C2E4B2D}","09/12/14 11:15:07"
1192,"Non-Slip Pedal Company",282,"{C374851D-B5F0-46C6-BF7BE3EAD1124BD5}","09/12/14 11:15:07"
1194,"Variety Bike Outlet",279,"{2211F0A3-5A94-486C-AC438B2A76F40DB5}","09/12/14 11:15:07"
1196,"Weekend Bike Tours",281,"{6252826A-91A5-41E4-9348FF0AFC2B669E}","09/12/14 11:15:07"
1198,"Fabrikam Inc., East",288,"{43D11293-C15A-4E15-ACAE7A1EEAB66096}","09/12/14 11:15:07"
1200,"General Supplies",282,"{2E8CC24D-2556-40B0-98C591CCE9D75E1E}","09/12/14 11:15:07"
1202,"Noiseless Gear Company",279,"{6036ACC8-A7E3-4D9F-838331D759B8D4BC}","09/12/14 11:15:07"
1204,"Racing Toys",281,"{243A84E3-1C70-4A25-A8DDBB6C0B0C8072}","09/12/14 11:15:07"
1206,"Capable Sales and Service",280,"{88D825C6-A877-46CB-B8743F933DED0920}","09/12/14 11:15:07"
1208,"Little Sports Center",289,"{DE9E508E-4E51-4A6F-8C5320BE18C1DEA1}","09/12/14 11:15:07"
1210,"Pretty Bikes and Toys",290,"{F0E72F25-41EF-4C1D-AD515AF894F852B0}","09/12/14 11:15:07"
1212,"Road Way Sales and Rental",282,"{89AD5863-0A77-448A-B52F11DC514CE6F1}","09/12/14 11:15:07"
1214,"Sturdy Toys",281,"{54897E0C-A386-46E8-8065A9CC052075BD}","09/12/14 11:15:07"
1216,"Beneficial Exercises and Activities",277,"{8C9FEF87-A44E-4EE0-905139B7BDC8D552}","09/12/14 11:15:07"
1218,"Fad Outlet",280,"{FCAFE412-052F-4F3E-B8A528F71C755019}","09/12/14 11:15:07"
1220,"Commerce Bicycle Specialists",289,"{A9D77EA7-BAEC-46F1-B2DC5A7EBFAD788B}","09/12/14 11:15:07"
1222,"Township Inn",290,"{01CD6B0B-1C26-4490-BC7BFA20C8ADAB95}","09/12/14 11:15:07"
1224,"Acceptable Sales & Service",282,"{1B4D0A1B-5B60-46AF-97B303CB5449DC87}","09/12/14 11:15:07"
1226,"Brown Bicycle Company",281,"{A61B8D5F-DDDA-4CDE-9607A6D4D446A5F3}","09/12/14 11:15:07"
1228,"District Mall",277,"{2A26B47B-13A6-474E-83F9A1022D05FCE3}","09/12/14 11:15:07"
1230,"Fitness Supplies",280,"{FC972E23-AB3E-48B2-82706DEFB1B8A796}","09/12/14 11:15:07"
1232,"Mail Market",289,"{B60F9C7D-9E7F-41B0-9589235DDE103AE0}","09/12/14 11:15:07"
1234,"Spare Parts Co.",290,"{33679919-5665-4CE3-924FB0DF10EE7EB5}","09/12/14 11:15:07"
1236,"Twelfth Bike Store",282,"{7E41175A-1BBD-4B0E-B2BAF66C90EFA540}","09/12/14 11:15:07"
1238,"Consolidated Messenger",278,"{78B4A61E-0999-49B7-A1049E2FAAA8B92F}","09/12/14 11:15:07"
1240,"Daring Rides",279,"{544095F1-F43C-44D5-B3E2ECB0A5ECACD4}","09/12/14 11:15:07"
1242,"Field Trip Store",276,"{4DD9789C-DD7C-4C82-9BEE356E105FE143}","09/12/14 11:15:07"
1244,"Finish and Sealant Products",281,"{E6398B3C-082F-4CA0-9DC82AEC08797505}","09/12/14 11:15:07"
1246,"Finer Parts Shop",283,"{57D0E838-DC59-449E-98A4B86C6B507DBF}","09/12/14 11:15:07"
1248,"Glossy Bikes",275,"{9A4B9CCB-BB2F-4FAD-88DE2E62D19F20C8}","09/12/14 11:15:07"
1250,"Next Door Cycles",288,"{B83544EF-3EAC-4E68-B36D12AB33DCD6B3}","09/12/14 11:15:07"
1252,"Up-To-Date Sports",282,"{DD55A844-7FB1-4DFF-A273843E4A5753E0}","09/12/14 11:15:07"
1254,"Mountain Bike Center",281,"{D937B41E-B8E0-4C46-91AE352E6B37C1FC}","09/12/14 11:15:07"
1256,"Specialty Sports Store",277,"{5B3D4AD5-0F11-4F5E-9ED44F0AA9472762}","09/12/14 11:15:07"
1258,"Scooters and Bikes Store",280,"{9240A9E4-B7F9-40F2-9D2AC01F78C45C3D}","09/12/14 11:15:07"
1260,"Closest Bicycle Store",289,"{67DAD033-715A-4A60-ABCBEE68E898DD6A}","09/12/14 11:15:07"
1262,"Roadway Bicycle Supply",290,"{17FE3739-C3AB-4D95-AC2BA55FF2CE3AFE}","09/12/14 11:15:07"
1264,"Refined Department Stores",282,"{4EC6C861-04E8-479E-BA0D17217795631D}","09/12/14 11:15:07"
1266,"Reasonable Bicycle Sales",281,"{BAA74406-E6A4-430D-8D723BCE10D8C088}","09/12/14 11:15:07"
1268,"Out-of-the-Way Hotels",277,"{4229E3BE-EE6A-4692-9147AC75A788F770}","09/12/14 11:15:07"
1270,"Outdoor Sports Supply",280,"{1A149464-A393-435E-AE326049A6AC1275}","09/12/14 11:15:07"
1272,"Outdoor Aerobic Systems Company",289,"{2C9D7F50-6431-4361-98430CF1601B23B9}","09/12/14 11:15:07"
1274,"Self-Contained Cycle Parts Company",290,"{8E256F9E-FECD-4695-96F0EA82E830A79F}","09/12/14 11:15:07"
1276,"Metal Clearing House",282,"{CA15BC7F-6499-41BC-9737F8B289004AF6}","09/12/14 11:15:07"
1278,"Many Bikes Store",281,"{C9A6C2A1-C616-455D-B37B1FC154F568C8}","09/12/14 11:15:07"
1280,"Largest Bike Store",277,"{12C44C5F-E2A2-4497-8E32D2FEA261C96B}","09/12/14 11:15:07"
1282,"Kickstands and Accessories Company",280,"{15CF6264-3356-4E35-BA49DE49CE8156DB}","09/12/14 11:15:07"
1284,"Instruments and Parts Company",289,"{3F04B809-5BE1-4449-9E42585EEF390C2D}","09/12/14 11:15:07"
1286,"Neighborhood Bicycle Storehouse",290,"{F4468B06-BC53-4C4D-952420AD28F1626E}","09/12/14 11:15:07"
1288,"Gear-Shift Bikes Limited",282,"{29188BCD-ED2A-4518-9A83D36E20043FE7}","09/12/14 11:15:07"
1290,"Frugal Bike Shop",281,"{C479A10E-FB4D-4C85-B2A3D12DB41D2423}","09/12/14 11:15:07"
1292,"Family Entertainment Center",280,"{785C93CA-4AD3-4427-A7908437CBB3A3EE}","09/12/14 11:15:07"
1294,"Go-cart and Bike Specialists",277,"{D8A88A07-AC1C-4B24-9A7875BB4FF04852}","09/12/14 11:15:07"
1296,"Trailblazing Sports",281,"{276C70D2-C4D6-458E-9A490036B93BB544}","09/12/14 11:15:07"
1298,"Racing Partners",282,"{E18D136C-7303-49ED-A534E54680CACE07}","09/12/14 11:15:07"
1300,"Perfect Toys",290,"{06E14015-DF3D-4A8D-9998D6C752F05A02}","09/12/14 11:15:07"
1302,"Exhibition Showroom",289,"{A7788438-9873-4C7B-98E9F8BBB6C8490E}","09/12/14 11:15:07"
1304,"Authorized Bike Sales and Rental",280,"{D1966056-3822-4F4D-A68714EBA601642C}","09/12/14 11:15:07"
1306,"Two-Seater Bikes",277,"{2D7135A8-73A7-4EFE-8B6787FD720C4B86}","09/12/14 11:15:07"
1308,"More Bikes!",276,"{F27B7F9D-045A-49B7-88D6B11A2BEDA905}","09/12/14 11:15:07"
1310,"Unified Sports Company",279,"{5CE11163-C07A-4383-88ADE0EF5BC0F040}","09/12/14 11:15:07"
1312,"National Manufacturing",278,"{BBBE2820-9426-4CB9-A4CA76FE78175E99}","09/12/14 11:15:07"
1314,"Volume Bike Sellers",286,"{E7EFAEBC-D62C-4744-961357F093F71DB6}","09/12/14 11:15:07"
1316,"Wheelsets Storehouse",275,"{286465B6-93EC-4EE3-B33AB5BA2C77BDE1}","09/12/14 11:15:07"
1318,"Town Industries",277,"{5642C175-E11F-490A-95908D5211692D60}","09/12/14 11:15:07"
1320,"Security Racks and Locks Wholesalers",281,"{69A30A7B-7B6A-43E1-A2F2438909377803}","09/12/14 11:15:07"
1322,"Rapid Bikes",282,"{476CDCAD-C2C1-4036-B4D01469A7B29749}","09/12/14 11:15:07"
1324,"Metro Sports Equipment",290,"{E522C053-FF26-41CF-8C15D36B57EB863D}","09/12/14 11:15:07"
1326,"Nearby Sporting Goods",289,"{5B2933EE-EC29-4E35-9B6ABEF23A42D046}","09/12/14 11:15:07"
1328,"Front Sporting Goods",280,"{5AED8117-0923-489C-864BDB7A601DAF33}","09/12/14 11:15:07"
1330,"Elite Bikes",277,"{4D2585EC-171B-4AAE-A54B09DEDD3A5583}","09/12/14 11:15:07"
1332,"Catalog Store",275,"{7EBD2CB1-52CF-4658-BA0541435EE1F2BA}","09/12/14 11:15:07"
1334,"Chic Department Stores",277,"{519D6C36-96BC-409D-A2BC81F75B79E504}","09/12/14 11:15:07"
1336,"Eastside Department Store",276,"{6A400BD8-88A6-46E3-AE7AC146FFCDC7FC}","09/12/14 11:15:07"
1338,"Sports Sales and Rental",279,"{8718B588-0073-4706-824C0BAE6AC48A41}","09/12/14 11:15:07"
1340,"Cycle Merchants",278,"{43121A65-0AA0-4CC7-B2C2068777556D79}","09/12/14 11:15:07"
1342,"Global Sports Outlet",286,"{C20C86A2-5D1A-4A9D-99DAD989BCD0F2FD}","09/12/14 11:15:07"
1344,"Exotic Bikes",275,"{4F33EED4-011C-4916-8EB352B9032EAB97}","09/12/14 11:15:07"
1346,"Fitness Hotel",277,"{5B9242CC-550D-4105-9BAA886F20DD34F9}","09/12/14 11:15:07"
1348,"Healthy Activity Store",276,"{5988540B-F987-421F-A3424EB1B809AFA1}","09/12/14 11:15:07"
1350,"Every Bike Shop",279,"{1E7C9C84-DAB9-4164-81544F7B8893A542}","09/12/14 11:15:07"
1352,"Grand Industries",278,"{72CFCC42-64DC-4283-98C7A64A2D112451}","09/12/14 11:15:07"
1354,"Ideal Components",286,"{254D461C-3410-4A91-B496F4B43C1F406E}","09/12/14 11:15:07"
1356,"Larger Cycle Shop",275,"{AC717A14-7677-402E-8B8A3B9E17CA3664}","09/12/14 11:15:07"
1358,"Leading Sales & Repair",277,"{2A953C4E-A056-456A-86FC21E0DCD7E432}","09/12/14 11:15:07"
1360,"Main Bicycle Services",276,"{4EBCD19D-6DAB-4F99-83C0C439A13969D3}","09/12/14 11:15:07"
1362,"Metro Bike Mart",279,"{662CE427-C733-44B5-A35C891589D210B8}","09/12/14 11:15:07"
1364,"Tandem Sales and Service",278,"{4372D419-1D5A-4A3D-8803CB94A930E5D9}","09/12/14 11:15:07"
1366,"Sensible Sports",286,"{C32F634B-50BE-48BB-A1E4F39800B04407}","09/12/14 11:15:07"
1368,"Reliable Retail Center",278,"{65EB45F3-C60F-4BB6-85CEB8482E68868B}","09/12/14 11:15:07"
1370,"Liquidation Sales",286,"{0F23CE3A-C1D0-4C61-9D5FA071DCBC9912}","09/12/14 11:15:07"
1372,"Friendly Bike Shop",275,"{8483BAAE-A01A-4497-BEBF1F193E1D5F34}","09/12/14 11:15:07"
1374,"Yellow Bicycle Company",277,"{6AE7F252-55B7-4D73-91B14580678CBA60}","09/12/14 11:15:07"
1376,"Sports Products Store",276,"{DCCCCF66-C09A-45CD-8F03E2FD39257C4F}","09/12/14 11:15:07"
1378,"Selected Distributors",279,"{C408E9D4-C9F0-422F-89A1F5C77D5D9680}","09/12/14 11:15:07"
1380,"Impervious Paint Company",290,"{26B1E4DC-8FB0-495C-81880E06F117F2F9}","09/12/14 11:15:07"
1382,"Shipping Specialists",289,"{14AA6EC7-1684-4A9D-BFB93405270BC52B}","09/12/14 11:15:07"
1384,"Finer Sporting Goods",290,"{DC4C935B-4788-48DE-8E2BFE702B9B3940}","09/12/14 11:15:07"
1386,"Authentic Sales and Service",289,"{9CB195B3-45E3-455C-8E5E8B621010BCA8}","09/12/14 11:15:07"
1388,"Official Parts Shop",280,"{0676819D-A218-496D-A83B4B750BEE0D61}","09/12/14 11:15:07"
1390,"Contoso, Ltd.",277,"{8874D7B8-9BFB-412A-B19C3C566C15C03A}","09/12/14 11:15:07"
1392,"Discount Tours",281,"{D208F87F-7CFF-40F7-B3A8EFBABBAE289C}","09/12/14 11:15:07"
1394,"Tire Exchange",282,"{529D4609-7129-4C41-A88E7BBE2F25B663}","09/12/14 11:15:07"
1396,"Racing Tours",290,"{6B6D4A42-F6DC-4C37-8C310AEA817B2167}","09/12/14 11:15:07"
1398,"Oils and Fluids Warehouse",289,"{EBFC3863-01F0-4614-8A3825F35F6801E2}","09/12/14 11:15:07"
1400,"Finished Parts Shop",290,"{08AEFE30-A612-49AD-8B00F4F8304C17CB}","09/12/14 11:15:07"
1402,"Consumer Equipment",289,"{05721187-B066-4424-B9A3E089F95F3FD4}","09/12/14 11:15:07"
1404,"Rally Master Company Inc",281,"{7501ACFE-C321-41D1-99667928EE700B8E}","09/12/14 11:15:07"
1406,"Professional Cyclists",282,"{E0097DFC-AB99-445B-B0A1F8F53BD19743}","09/12/14 11:15:07"
1408,"Sports Products Store",290,"{F4988993-96C3-4CFB-9EF5325ADEFF13D9}","09/12/14 11:15:07"
1410,"Exclusive Bicycle Mart",289,"{1638EA15-3BDC-4803-A8EE4604446AB757}","09/12/14 11:15:07"
1412,"City Manufacturing",280,"{C8A665BA-4EE0-4A76-A2FCB78323823F46}","09/12/14 11:15:07"
1414,"Bike Dealers Association",281,"{B882005E-0489-4033-AD673E0CBF4FFA37}","09/12/14 11:15:07"
1416,"Pedal Systems Company",279,"{0D2BED8A-7BCE-4F09-8DA0AC99A88B334F}","09/12/14 11:15:07"
1418,"Health Spa, Limited",282,"{2340BC61-C2F5-4F38-84A644B3E1B90D5E}","09/12/14 11:15:07"
1420,"Global Bike Retailers",288,"{72466590-E6B6-4AAB-A1F20DCB18685A12}","09/12/14 11:15:07"
1422,"Fashionable Department Stores",275,"{5221DD86-F37E-4F4A-8374BBCAE7E69F4F}","09/12/14 11:15:07"
1424,"Closeout Boutique",283,"{7B25C4EC-0A30-416B-835399A4725CB62A}","09/12/14 11:15:07"
1426,"Bicycle Merchandise Warehouse",281,"{820B50FB-3A24-4CC5-A4DDAAE6AD57D919}","09/12/14 11:15:07"
1428,"Spoke Manufacturers",279,"{D0E5AD57-6E5E-40C6-A834D2906A365231}","09/12/14 11:15:07"
1430,"Leather Seat Factory",282,"{1FCC2C07-E555-42B9-A4B7CFF0B9DCF884}","09/12/14 11:15:07"
1432,"Good Bicycle Store",288,"{8625C3D9-E443-494E-AD75523A30E2967B}","09/12/14 11:15:07"
1434,"Endurance Bikes",275,"{D393F32E-8FE6-4FF2-865CB4175331F985}","09/12/14 11:15:07"
1436,"Practical Bike Supply Company",277,"{7D0ADD31-0074-42D0-B00ADDB8D31BBBD2}","09/12/14 11:15:07"
1438,"Some Discount Store",280,"{B5CA298F-1ECC-4F42-A077A32C5C9A30BB}","09/12/14 11:15:07"
1440,"Variety Cycling",289,"{47D6B3C9-A6D6-405A-9CCE1F78CBAFB1FD}","09/12/14 11:15:07"
1442,"Accessories Network",290,"{4FFFFBB5-1337-4F14-BA3C6BB27CD33E50}","09/12/14 11:15:07"
1444,"Remote Bicycle Specialists",282,"{2B37636B-B111-414F-AD3825C3D407B501}","09/12/14 11:15:07"
1446,"Curbside Sporting Goods",281,"{3EE65EEC-4ABF-48B2-82B65B368C1BB84E}","09/12/14 11:15:07"
1448,"Friendly Neighborhood Bikes",277,"{A9849C81-88BC-49A9-958478634AEA3681}","09/12/14 11:15:07"
1450,"Guaranteed Sales and Service",275,"{E0E88A9E-EAC4-4E30-8072534C4C4AC250}","09/12/14 11:15:07"
1452,"Preferable Bikes",286,"{0FF9A129-CAD9-4A94-9A92A08461903579}","09/12/14 11:15:07"
1454,"Recommended Bicycles",278,"{F00BFDA2-17EB-4B77-BA244443E1DA8360}","09/12/14 11:15:07"
1456,"Sunny Place Bikes",279,"{B07B4A19-8960-4A16-914CB516CB49CCE0}","09/12/14 11:15:07"
1458,"Alpine Ski House",276,"{A05E0815-2D28-45E6-91E5FF8053433EBF}","09/12/14 11:15:07"
1460,"Cycles and Scooters",279,"{30141DA2-7560-44CB-97A902C8857C7079}","09/12/14 11:15:07"
1462,"Small Bike Accessories Shop",275,"{0AB43663-3A2D-4234-B2AB04B18376D857}","09/12/14 11:15:07"
1464,"List Price Catalog Company",286,"{BA90930E-259D-4BFE-B558DE00867A4247}","09/12/14 11:15:07"
1466,"Seats and Saddles Company",278,"{2316F0F6-ACF4-4458-953874F842C88D11}","09/12/14 11:15:07"
1468,"Village Tours",279,"{96A94727-D9CC-4596-A196F48D0932F5CC}","09/12/14 11:15:07"
1470,"All Cycle Shop",280,"{C5B62E91-9344-4622-B3608A1C3101535C}","09/12/14 11:15:07"
1472,"Tachometers and Accessories",289,"{9E86D886-AE40-492A-960C376F1102AA68}","09/12/14 11:15:07"
1474,"Cycles Sales and Repair",290,"{29D20006-51CB-491D-BBA5D126F15062AF}","09/12/14 11:15:07"
1476,"Low Price Cycles",282,"{47C198F4-09ED-4826-B43B7CF4AC53D6BF}","09/12/14 11:15:07"
1478,"Metropolitan Manufacturing",281,"{76C1B6AB-0697-4636-B65EB4C66FD9AF60}","09/12/14 11:15:07"
1480,"Orange Bicycle Company",277,"{094A64BD-0F6E-4A78-977C3EE38B1FA993}","09/12/14 11:15:07"
1482,"Riding Associates",280,"{5CCDBDC8-55F8-4B22-B24D0F58DB098E0B}","09/12/14 11:15:07"
1484,"Essential Bike Works",289,"{18887CC9-A503-4F5C-B054FB6CCDF9F56D}","09/12/14 11:15:07"
1486,"Rural Mountain Bike Mart",290,"{7DF7C186-7E2A-4BCE-9EA25D42ABF2FB7B}","09/12/14 11:15:07"
1488,"City Cycling",282,"{7D7911CF-C5DC-4D89-A5037377A84CB3D9}","09/12/14 11:15:07"
1490,"Engineered Bike Systems",281,"{28A52834-6069-473E-B547FC8B4B04C0C9}","09/12/14 11:15:07"
1796,"Professional Containers and Packaging Co.",281,"{57E8E5C9-7A01-485E-AE4B48DCB41A0DC2}","09/12/14 11:15:07"
1798,"One Bike Company",282,"{4317B79B-6640-4EC3-83531370A12633A5}","09/12/14 11:15:07"
1800,"Hiatus Bike Tours",290,"{C838B0D9-14EA-4019-B0105BBEF2B43862}","09/12/14 11:15:07"
1802,"Cycling Goods",289,"{5AEF8ADE-BD2A-4012-976671B2147D5D35}","09/12/14 11:15:07"
1804,"Cycle Clearance",280,"{7F2C3AB3-97CA-46BA-820EA03F59EC842D}","09/12/14 11:15:07"
1806,"Black Bicycle Company",277,"{B67E6FD5-2918-4100-82A8E004DA0DDB35}","09/12/14 11:15:07"
1808,"Transport Bikes",281,"{8317603A-1C85-40FD-A106B5C591042EA3}","09/12/14 11:15:07"
1810,"Sellers of Cycles",280,"{3818AF93-B4DA-49CE-968E672059B77BED}","09/12/14 11:15:07"
1812,"Maintenance and Repair for Bicycles",277,"{060163F2-6E85-4473-B0FCC2EF091C057D}","09/12/14 11:15:07"
1814,"Fitness Department Stores",281,"{02F5437E-F74E-4F8B-92EEF129C8AC0986}","09/12/14 11:15:07"
1816,"Famous Bike Shop",278,"{0E7982EE-CE33-404C-B7DB36F78DA457EB}","09/12/14 11:15:07"
1818,"Eastward Bike Accessories",286,"{11108D11-D7AB-49F8-824BD4E5D4341570}","09/12/14 11:15:07"
1820,"Strong Metal Manufacturing",275,"{F844DFFD-C87F-4DD4-B82BE27FD5B50372}","09/12/14 11:15:07"
1822,"Gift and Toy Store",277,"{0AB1BBF2-D910-4BAF-B8E41977CC0FBCBB}","09/12/14 11:15:07"
1824,"Major Sporting Goods",276,"{9FC444E5-C1BC-42B2-86562E6C96F32920}","09/12/14 11:15:07"
1826,"Executive Discount Store",279,"{A2AB0A56-0E6F-4786-B1223A2FB52CE2EF}","09/12/14 11:15:07"
1828,"Major Cycling",282,"{2F45BF63-26C3-43E5-ADAE486A0FA6D41F}","09/12/14 11:15:07"
1830,"Getaway Inn",290,"{64F9EF4B-475A-4CFA-A816E0E66856CC5F}","09/12/14 11:15:07"
1832,"Downhill Bicycle Specialists",289,"{161B1BB9-5AFB-47B2-B1AD45BF03BA6520}","09/12/14 11:15:07"
1834,"Bike Experts",280,"{639BBC3A-D30B-4456-A2FDCB740884E939}","09/12/14 11:15:07"
1836,"Extraordinary Bike Works",277,"{D8F8E7F3-9ACF-4F4B-8327293B7A7943B3}","09/12/14 11:15:07"
1838,"Valley Bicycle Distributors",281,"{DB88DA40-586E-4429-AF8D2148A59B93A6}","09/12/14 11:15:07"
1840,"Top Sports Supply",282,"{20D63E3E-5631-4118-97121171AA5A0357}","09/12/14 11:15:07"
1842,"Racing Sales and Service",290,"{CDD163A9-DC42-44B4-BA95B5DE845813E4}","09/12/14 11:15:07"
1844,"Metropolitan Bicycle Supply",289,"{BF60E1DD-FE8B-4D6F-BD43DCEC43504357}","09/12/14 11:15:07"
1846,"Honest Repair Service",280,"{EA9914D7-5FC2-4F73-948395CBAD7408A7}","09/12/14 11:15:07"
1848,"Designer Department Stores",277,"{8689142F-784A-4E36-ACC487346BE7DA38}","09/12/14 11:15:07"
1850,"Wheel Gallery",281,"{7EF9C12F-21F8-46C6-B18DE073E1A2A5F3}","09/12/14 11:15:07"
1852,"Top Bike Market",278,"{5555020A-F026-41F8-924F4180974F39EB}","09/12/14 11:15:07"
1854,"Region Bike Company",286,"{1D393E58-5467-4529-BE2552F1EB28BA12}","09/12/14 11:15:07"
1856,"Grown-up Bike Store",275,"{5AE09D08-49D1-46BF-9219BF9874CB1992}","09/12/14 11:15:07"
1858,"Bicycle Lines Distributors",277,"{EDE264F5-0931-4E4B-B4475C0ADD3ABA5D}","09/12/14 11:15:07"
1860,"Sparkling Paint and Finishes",276,"{B84BA799-82A1-45EA-94FE63BBE36F1D2D}","09/12/14 11:15:07"
1862,"Racing Association",279,"{F2B788DB-35C9-4F0F-A2824983BBCB8EAC}","09/12/14 11:15:07"
1864,"Plastic Parts Company",278,"{CE201239-6A87-4995-A3992EE197DF8D0F}","09/12/14 11:15:07"
1866,"Gears and Parts Company",286,"{8FC966E0-AD57-4B20-B4FDF03DA9BB9CCB}","09/12/14 11:15:07"
1868,"Executive Gift Store",275,"{2387A2B5-33EA-4E68-8A9211C251F92280}","09/12/14 11:15:07"
1870,"Big Cycle Mall",277,"{17FA0E6E-9EF9-4574-9338D0610ACFD99A}","09/12/14 11:15:07"
1872,"Budget Bike Company",279,"{A954DC6D-DE84-4EB7-B23B120571FDFDE8}","09/12/14 11:15:07"
1874,"Eighth Bike Store",281,"{311AFC6C-933D-41B8-83B851551F1D8FF0}","09/12/14 11:15:07"
1876,"Demand Distributors",283,"{B34E161A-8ED8-4E28-A86C200CE4704883}","09/12/14 11:15:07"
1878,"Immediate Repair Shop",275,"{0C2D39A6-B731-4D81-825385A0D25ACD25}","09/12/14 11:15:07"
1880,"Off-Price Bike Center",288,"{0BD08A52-187E-42BB-8A1C2AC8971BFA12}","09/12/14 11:15:07"
1882,"Red Bicycle Company",282,"{B8E6EF57-7087-4B21-96360E657902714E}","09/12/14 11:15:07"
1884,"Retirement Activities Association",279,"{ACDCA9A3-F6F2-4E09-A9AF61F6B9834595}","09/12/14 11:15:07"
1886,"Trendy Department Stores",281,"{5F8C35A3-92F4-4979-A8385B93C221B9DF}","09/12/14 11:15:07"
1888,"Vintage Sport Boutique",283,"{6D6E4980-1732-4C6F-904531C3E1C75ABB}","09/12/14 11:15:07"
1890,"Travel Sports",280,"{5E8BF52B-D5C7-49AB-BC10DDCED8CF5DDA}","09/12/14 11:15:07"
1892,"West Side Mart",289,"{AC3C4ACF-213F-4BCD-9778DCA173060CC0}","09/12/14 11:15:07"
1894,"The Bike Outlet",290,"{9A11A00B-06E6-4E9B-A7D769FD4045F80E}","09/12/14 11:15:07"
1896,"Tenth Bike Store",282,"{66B28442-B5D7-4332-9EF2E89221FDBB9B}","09/12/14 11:15:07"
1898,"Valuable Bike Parts Company",279,"{3E4F1B95-2189-4EE2-A882749A904B1DFA}","09/12/14 11:15:07"
1900,"Fun Times Club",281,"{2AE16C95-ED93-45E7-A3AB3D4C60DFB9A9}","09/12/14 11:15:07"
1902,"Chain and Chain Tool Distributions",279,"{4034B966-97E9-42F1-A475406339846DC5}","09/12/14 11:15:07"
1904,"Mobile Outlet",275,"{9ACF0C46-95C0-40D3-B39E44C548A7A8AB}","09/12/14 11:15:07"
1906,"Regional Cycle Shop",288,"{793A1B41-4B83-416B-853CFB190B79728C}","09/12/14 11:15:07"
1908,"Rural Bicycle Supply",282,"{0F7AA600-6050-49BA-819D30A7D3AB4B5B}","09/12/14 11:15:07"
1910,"Wingtip Toys",283,"{23F57BE6-5B8B-447B-AE0D3A161C09A0AC}","09/12/14 11:15:07"
1912,"The Cycle Store",275,"{3FCE0EF1-27CA-48EE-93393523648400D1}","09/12/14 11:15:07"
1914,"Educational Services",288,"{74B0C415-AE1E-4FD1-985BA62F7C378632}","09/12/14 11:15:07"
1916,"Active Life Toys",282,"{0893DD3B-BD98-4820-AAE6ED7F8562D210}","09/12/14 11:15:07"
1918,"Simple Bike Parts",279,"{608D52AA-1D0D-4D5D-A0A047F9977AF2AF}","09/12/14 11:15:07"
1920,"Timely Shipping Service",281,"{5B92790F-AA8B-4F60-8DC8BC45BF25E4A6}","09/12/14 11:15:07"
1922,"A Cycle Shop",283,"{D2A3DB53-0901-4322-A7AF1CC77A7B1778}","09/12/14 11:15:07"
1924,"Bike Products and Accessories",275,"{7FB517F3-ECEE-4451-9563C95665A0B777}","09/12/14 11:15:07"
1926,"Fitness Toys",288,"{70CBFDC4-A8FE-4BDD-95718FC617BDFCB7}","09/12/14 11:15:07"
1928,"Quick Parts and Service",278,"{638DFC4E-0C69-4538-8DA87E82B1B7A9CE}","09/12/14 11:15:07"
1930,"Reliable Brake Systems",279,"{E33AD5AC-F5CE-4070-BBF05F9D3D5DBEFB}","09/12/14 11:15:07"
1932,"Thrifty Parts and Sales",276,"{B8862D14-E834-48E6-B0A6643EB0B7900B}","09/12/14 11:15:07"
1934,"A Typical Bike Shop",277,"{68147F2D-51DB-4EF8-89094D5951F18D0C}","09/12/14 11:15:07"
1936,"Active Transport Inc.",275,"{08ACE001-1D14-4FC9-AE2DBC20EDB2F9DC}","09/12/14 11:15:07"
1938,"Cycle Parts and Accessories",286,"{F2BBF7E1-A7EB-4966-BC1764288E4568F6}","09/12/14 11:15:07"
1940,"Fasteners & Bolts Outlet",278,"{42EBCB9E-A948-46AD-B1E91CE6B3586670}","09/12/14 11:15:07"
1942,"Functional Store North",279,"{33313E49-4158-4E04-ACB39F6407B0EB02}","09/12/14 11:15:07"
1944,"Quantity Discounts",276,"{7C2547EC-E661-4C36-BB4751F57AC3DBC4}","09/12/14 11:15:07"
1946,"Swift Cycles",277,"{C05A6203-36F7-4BE4-92E6E7CF57B838C3}","09/12/14 11:15:07"
1948,"Classic Cycle Store",275,"{966674C7-2048-4D9E-8A92138E9B09030D}","09/12/14 11:15:07"
1950,"Helpful Sales and Repair Service ",286,"{5B578C14-DCD2-4FA6-A64D4F87F843722C}","09/12/14 11:15:07"
1952,"Large Bike Shop",278,"{8B1E2F28-A97F-4B3E-9130AC855B3F8A42}","09/12/14 11:15:07"
1954,"Recreation Supplies",279,"{00E69DB8-5933-4F61-A9637808C4BAF0C5}","09/12/14 11:15:07"
1956,"Wire Baskets and Parts",276,"{D8DCA6AD-2529-469D-BB71314F7A177E65}","09/12/14 11:15:07"
1958,"Ultimate Bicycle Company",290,"{304C84B4-89A5-4B0F-8BBD461E8C70C13C}","09/12/14 11:15:07"
1960,"Sports Store",289,"{FF449303-A956-4800-AD4CA7892235679C}","09/12/14 11:15:07"
1962,"Metropolitan Equipment",290,"{32618F97-57C6-454A-A594172076B0F52C}","09/12/14 11:15:07"
1964,"Extended Tours",289,"{993C0120-5E56-4AB8-9E1BBF71BE3B7FAA}","09/12/14 11:15:07"
1966,"Convenient Sales and Service",280,"{4A396E48-E3FF-4115-A0C651847E75ADCF}","09/12/14 11:15:07"
1968,"Solid Bike Parts",277,"{5E7CB5E1-6651-49E6-A5CFEDF584F7EC92}","09/12/14 11:15:07"
1970,"Permanent Finish Products",281,"{7C270785-2478-4E43-9681EC76000F4881}","09/12/14 11:15:07"
1972,"Mercantile Outlet",282,"{27758A68-359B-4EA6-86895CB8B4A5F489}","09/12/14 11:15:07"
1974,"Links Works",288,"{6870F695-E4E4-453F-8ECC0C1CB1C09A14}","09/12/14 11:15:07"
1976,"Exhilarating Cycles",275,"{38F8BB38-28B7-42EF-A1EFC66D247ECB59}","09/12/14 11:15:07"
1978,"Exercise Center",281,"{7F509B53-0C05-4D57-95966701191190DA}","09/12/14 11:15:07"
1980,"Great Bicycle Supply",277,"{DCA3FDA7-7276-45CF-A3FF74EAE11F6798}","09/12/14 11:15:07"
1982,"Mail-Order Outlet",280,"{A6644D71-94F1-4964-B2589BE80889F5DF}","09/12/14 11:15:07"
1984,"Nearby Cycle Shop",289,"{A0670332-E61E-4AD6-823376A3DBBD514A}","09/12/14 11:15:07"
1986,"Recreation Toy Store",290,"{77A34C42-6D04-406A-8DEC7928A48520EE}","09/12/14 11:15:07"
1988,"Retreat Inn",282,"{EA21EC81-1BFA-4A07-9B4D73D9852AFCBF}","09/12/14 11:15:07"
1990,"Technical Parts Manufacturing",281,"{C8E3C4ED-8F58-4DB2-B600E0CD11D9CFAD}","09/12/14 11:15:07"
1992,"Totes & Baskets Company",277,"{CE860B58-643C-4567-BFD806E97969CC67}","09/12/14 11:15:07"
1994,"World of Bikes",277,"{0C10F2B6-A13A-440C-9C255B28D482872A}","09/12/14 11:15:07"
2051,"A Bicycle Association",275,"{82237172-D3FE-4A95-82EF636F655240AD}","09/12/14 11:15:07"
